Day2(午前),G1-1,雪だるま1,「強み…俺のも役に立つっすかね！？…よし、やってみるっす！」
Day2(午前),G1-1,雪だるま2,「そうだね…強みを活かせば、衝突も減るかもしれないね。」
Day2(午前),G1-1,トナカイ,「役割の明確化は効果がありそうですね。私も協力します。」
Day2(午前),G1-1,先輩サンタ,「強みを束ねる…良い方向性だね。チームらしさが出てくるよ。」
,,,
Day2 (午後),G1-2,雪だるま1,「うぅ…確かに話さなきゃ分かんないっすね…やります！」
Day2 (午後),G1-2,雪だるま2,「話せば、ちゃんと伝わるよね…うん、やってみよ。」
Day2 (午後),G1-2,トナカイ,「冷静に議論すれば、解決の糸口は見つかるはずです。」
Day2 (午後),G1-2,先輩サンタ,「衝突を前向きに扱えるのは良いリーダーの証だよ。」
,,,
Day3(午前),G1-3,雪だるま1,「リーダー…動くの早っ！じゃあ俺も本音言うっす！」
Day3(午前),G1-3,雪だるま2,「リーダーが前に立つと、安心して話せるね…。」
Day3(午前),G1-3,トナカイ,「率先行動は空気を変える力があります。良い判断です。」
Day3(午前),G1-3,先輩サンタ,「まず自分が見せる…まさに信頼されるリーダーだね。」
,,,
Day3(午後),G1-4,雪だるま1,「本質…？あ、あの部分が原因かもっす！」
Day3(午後),G1-4,雪だるま2,「整理されると分かりやすいね…落ち着いてきたよ。」
Day3(午後),G1-4,トナカイ,「構造的分析は有効です。全体像が明確になりました。」
Day3(午後),G1-4,先輩サンタ,「状況の“見える化”は混乱を解く特効薬なんだよ。」
,,,
Day4(午前),G1-5,雪だるま1,「成長…！確かにこれを乗り越えたら強くなるっすね！」
Day4(午前),G1-5,雪だるま2,「うん…失敗も成長のチャンスだよね。」
Day4(午前),G1-5,トナカイ,「学習の姿勢はチーム改善に繋がります。」
Day4(午前),G1-5,先輩サンタ,「成長へ繋げられるリーダーは、次のステップも見えているね。」
,,,
Day4(午後),G1-6,雪だるま1,「うおお…！みんなでいけば怖くないっす！」
Day4(午後),G1-6,雪だるま2,「うん…支え合うって、大事だよね…。」
Day4(午後),G1-6,トナカイ,「チームとしての一体感が高まっています。」
Day4(午後),G1-6,先輩サンタ,「その言葉で、みんなの表情が変わってきたよ。」
,,,
Day5(午前),G1-7,雪だるま1,「別の方法！？そんな発想なかったっす！」
Day5(午前),G1-7,雪だるま2,「選択肢があるって分かるだけで、気持ちが楽になるね。」
Day5(午前),G1-7,トナカイ,「代替案の検討は前向きなアプローチです。」
Day5(午前),G1-7,先輩サンタ,「柔軟な発想はチームに広い視野をもたらすよ。」
