Day2(午前),A1-1,雪だるま1,「それっすよリーダー！でっかい夢があった方が燃えるっす！」,,,,,,,,Day2(午前),B1-1,雪だるま1,「よっしゃ！強み合わせて最強ってやつっすね！！」,,,,,,,,Day2(午前),C1-1,雪だるま1,「おおっ！リスク承知で攻めるんすね！？ついていきますよリーダー！！」
Day2(午前),A1-1,雪だるま2,「うん…みんなで同じ方向を見られるって、すごく良いと思う…！」,,,,,,,,Day2(午前),B1-1,雪だるま2,「みんなの良いところを活かせるなんて…素敵だね…！」,,,,,,,,Day2(午前),C1-1,雪だるま2,「慎重派だけど…あなたが言うなら、挑戦も悪くないかも…。」
Day2(午前),A1-1,先輩サンタ,「大胆ですが方向性は理解できます。…実現性の検証は必要ですね。」,,,,,,,,Day2(午前),B1-1,トナカイ,「発想拡張は良い判断です。方向性の整理は必要ですが…賛成です。」,,,,,,,,Day2(午前),C1-1,トナカイ,「方針変更…合理的ではないが、あなたの覚悟があるなら従います。」
Day2(午前),A1-1,トナカイ,「良いじゃないか。その“理想”が、チームを動かすんだよ。」,,,,,,,,Day2(午前),B1-1,先輩サンタ,「うん…“掛け合わせ”は創造の源だよ。いい視点だ。」,,,,,,,,Day2(午前),C1-1,先輩サンタ,「うん、その“腹を括る力”。リーダーとして大事だよ。」
,,,,,,,,,,,,,,,,,,,,,,,,,
Day2 (午後),A1-2,雪だるま1,「お、俺の得意っすか！？爆発系は任せてください！」,,,,,,,,Day2 (午後),B1-2,雪だるま1,「なるほど…まとめるんすね！じゃあ俺も正直に言うっす！」,,,,,,,,Day2 (午後),C1-2,雪だるま1,「みんなでやれば怖くないっすよね！がんばるっす！」
Day2 (午後),A1-2,雪だるま2,「あ、あの…わたし、細かい作業とか好きかも…！」,,,,,,,,Day2 (午後),B1-2,雪だるま2,「うれしい…みんなの意見を尊重してくれるの、すごく安心できる…」,,,,,,,,Day2 (午後),C1-2,雪だるま2,「うれしい…“一緒に”って言ってくれると安心する…。」
Day2 (午後),A1-2,トナカイ,「合理的ですね。強みを活かす配置は効率向上にも繋がります。」,,,,,,,,Day2 (午後),B1-2,トナカイ,「合理的です。状況を整理すれば最適解が導けるでしょう。」,,,,,,,,Day2 (午後),C1-2,トナカイ,「協力体制の強化は良い判断です。効率も上がるでしょう。」
Day2 (午後),A1-2,先輩サンタ,「いいねぇ。まず“人”を見るのは立派なリーダーだよ。」,,,,,,,,Day2 (午後),B1-2,先輩サンタ,「“違いを武器にする”。それが良い場をつくるんだよ。」,,,,,,,,Day2 (午後),C1-2,先輩サンタ,「支え合う力を大事にする…あたたかいリーダーだね。」
,,,,,,,,,,,,,,,,,,,,,,,,,
Day3(午前),A1-3,雪だるま1,「へぇ～！見直しって大事なんすね、勉強になるっす！」,,,,,,,,Day3(午前),B1-3,雪だるま1,「おおっ、現実的！今できることから行くスタイルっすね！」,,,,,,,,Day3(午前),C1-3,雪だるま1,「柔軟対応っすね！じゃあ俺も違う案考えてみるっす！」
Day3(午前),A1-3,雪だるま2,「確かに…焦ってると見落とし増えるし…いい判断かも。」,,,,,,,,Day3(午前),B1-3,雪だるま2,「…焦っちゃうと見えなくなるから…この言葉、すごく助かる…」,,,,,,,,Day3(午前),C1-3,雪だるま2,「…うん、焦らず方向転換できるのって心強いね。」
Day3(午前),A1-3,トナカイ,「賛成です。作業工程の整理は今やるべき最優先事項です。」,,,,,,,,Day3(午前),B1-3,トナカイ,「現状最適化の判断ですね。短時間下の決断として適切です。」,,,,,,,,Day3(午前),C1-3,トナカイ,「状況判断力、素晴らしい。計画修正は必要です。」
Day3(午前),A1-3,先輩サンタ,「“効率化”を選べるリーダーは強いよ。いい判断だ。」,,,,,,,,Day3(午前),B1-3,先輩サンタ,「“今やれる最善”を即決できるのは、強いリーダーだよ。」,,,,,,,,Day3(午前),C1-3,先輩サンタ,「思い込みを捨てて対応する…いい選択だよ。」
,,,,,,,,,,,,,,,,,,,,,,,,,
Day3(午後),A1-4,雪だるま1,「マジっすか！？それ絶対楽しいじゃないっすか！」,,,,,,,,Day3(午後),B1-4,雪だるま1,「あ、確かにごちゃっとしてましたね…整理すると見えるっす！」,,,,,,,,Day3(午後),C1-4,雪だるま1,「うわっ、もっと面白く！？それ超ワクワクするっす！」
Day3(午後),A1-4,雪だるま2,「え、ええと…すごく斬新だけど…わたし頑張るね…！」,,,,,,,,Day3(午後),B1-4,雪だるま2,「すっきりするのって大事だよね…私も手伝う！」,,,,,,,,Day3(午後),C1-4,雪だるま2,「挑戦的だけど…前より良くなるならやってみたい…。」
Day3(午後),A1-4,トナカイ,「……大胆すぎますが、挑戦の価値はありそうです。」,,,,,,,,Day3(午後),B1-4,トナカイ,「整理整頓、大賛成です。明確化が進めば議論も前進します。」,,,,,,,,Day3(午後),C1-4,トナカイ,「革新案ですか。リスク管理は必要ですが、可能性はあります。」
Day3(午後),A1-4,先輩サンタ,「君のそういう“夢の大きさ”、悪くないよ。」,,,,,,,,Day3(午後),B1-4,先輩サンタ,「いいね…“構造化”。整える力があるとチームは強い。」,,,,,,,,Day3(午後),C1-4,先輩サンタ,「攻めの改善…いいね。ワクワクを忘れないのは大事だよ。」
,,,,,,,,,,,,,,,,,,,,,,,,,
Day4(午前),A1-5,雪だるま1,「そ、そうっすね…。確実にやるって大事なんすね…。」,,,,,,,,Day4(午前),B1-5,雪だるま1,「えっ…リーダー優しすぎません！？助かるっす！」,,,,,,,,Day4(午前),C1-5,雪だるま1,「たしかに…ちょっとテンションで突っ走りすぎたっすね…。」
Day4(午前),A1-5,雪だるま2,「落ち着いて進めるって、すごく安心できるよ…ありがとう。」,,,,,,,,Day4(午前),B1-5,雪だるま2,「落ち着いて進めるって、すごく安心できるよ…ありがとう。」,,,,,,,,Day4(午前),C1-5,雪だるま2,「落ち着かせてくれてありがとう…整理すると安心するね。」
Day4(午前),A1-5,トナカイ,「賢明です。安定した進行が最終的に最速になります。」,,,,,,,,Day4(午前),B1-5,トナカイ,「…そんなこと言われたら涙が出そう…ありがとう…。」,,,,,,,,Day4(午前),C1-5,トナカイ,「計画整理の提案、非常にありがたい。冷静さは重要です。」
Day4(午前),A1-5,先輩サンタ,「うむ…堅実さはリーダーの武器のひとつだ。」,,,,,,,,Day4(午前),B1-5,先輩サンタ,「仲間を信じて支える姿勢…いいリーダーだ。」,,,,,,,,Day4(午前),C1-5,先輩サンタ,「うん、“落ち着きを与える”のもリーダーの力だよ。」
,,,,,,,,,,,,,,,,,,,,,,,,,
Day4(午後),A1-6,雪だるま1,「いいっすね！俺、気づいたらバンバン言っていきますよ！」,,,,,,,,Day4(午後),B1-6,雪だるま1,「おお、優先順位っすね！確かにそっちから攻めた方がいいっす！」,,,,,,,,Day4(午後),C1-6,雪だるま1,「なら言います！俺、色が派手すぎると思うっす！」
Day4(午後),A1-6,雪だるま2,「…うれしい。みんなで話せる雰囲気になるの、すごく良いと思う…！」,,,,,,,,Day4(午後),B1-6,雪だるま2,「落ち着いて整理してくれるの、すごくありがたい…！」,,,,,,,,Day4(午後),C1-6,雪だるま2,「小さな不安でも言っていいって…すごく安心するよ…。」
Day4(午後),A1-6,トナカイ,「情報共有の徹底は助かります。問題の早期発見に繋がりますから。」,,,,,,,,Day4(午後),B1-6,トナカイ,「合理的です。優先度づけは必須作業でしょう。」,,,,,,,,Day4(午後),C1-6,トナカイ,「フィードバック収集…合理的で助かります。」
Day4(午後),A1-6,先輩サンタ,「“違和感を放置しないチーム”か…いい文化を作ろうとしているね。」,,,,,,,,Day4(午後),B1-6,先輩サンタ,「いい判断だね。“何からやるか”を決められるのは大事だ。」,,,,,,,,Day4(午後),C1-6,先輩サンタ,「“声を拾う力”は、チームを強くするよ。」
,,,,,,,,,,,,,,,,,,,,,,,,,
Day5(午前),A1-7,雪だるま1,「お、おぉ…落ち着くの大事なんすね…！がんばります！」,,,,,,,,Day5(午前),B1-7,雪だるま1,「じゃあ俺もスッキリするまでしゃべっていいっすね！」,,,,,,,,Day5(午前),C1-7,雪だるま1,「よし！状況まとめたら見えてくるっすよね！」
Day5(午前),A1-7,雪だるま2,「安心した…リーダーが冷静だと、わたしたちも落ち着けるよ。」,,,,,,,,Day5(午前),B1-7,雪だるま2,「みんなで話せるの、うれしい…こういう場って大事だね。」,,,,,,,,Day5(午前),C1-7,雪だるま2,「…丁寧に整理してくれると、気持ちが落ち着く…。」
Day5(午前),A1-7,トナカイ,「合理的ですね。優先順位の整理は今すぐ着手すべきです。」,,,,,,,,Day5(午前),B1-7,トナカイ,「意見出し→決定の流れは理にかなっています。」,,,,,,,,Day5(午前),C1-7,トナカイ,「最適化の判断プロセス、問題ありません。」
Day5(午前),A1-7,先輩サンタ,「冷静な判断…それが一番、チームを守るんだよ。」,,,,,,,,Day5(午前),B1-7,先輩サンタ,「“声を聞く”って、簡単なようで一番難しいんだ。よくやった。」,,,,,,,,Day5(午前),C1-7,先輩サンタ,「“一緒に探す”姿勢がいいね。リーダーは伴走者でもあるんだ。」
,,,,,,,,,,,,,,,,,,,,,,,,,
,,,,,,,,,,,,,,,,,,,,,,,,,
,,,,,,,,,,,,,,,,,,,,,,,,,
Day2(午前),D1-1,雪だるま1,「うおぉ！リーダー、その言葉で一気にテンション上がったっす！」,,,,,,,,Day2(午前),E1-1,雪だるま1,「おお…！まさか全部ミックス！面白くなりそうっす！」,,,,,,,,Day2(午前),F1-1,雪だるま1,「……くそっ…でも、そうだよな！この失敗で次もっと良くなるっす！」
Day2(午前),D1-1,雪だるま2,「…逆境をチャンスって言えるの、すごい…なんだか勇気が出てきた…。」,,,,,,,,Day2(午前),E1-1,雪だるま2,「融合って素敵…みんなが納得できる形だね。」,,,,,,,,Day2(午前),F1-1,雪だるま2,「学べる部分…うん、気持ちが少し軽くなったよ。」
Day2(午前),D1-1,トナカイ,「理論的リスクは残りますが…あなたの覚悟があるなら前進すべきでしょう。」,,,,,,,,Day2(午前),E1-1,トナカイ,「統合案はリスクもありますが…検討する価値はあります。」,,,,,,,,Day2(午前),F1-1,トナカイ,「再発防止策をまとめれば、次は改善できます。」
Day2(午前),D1-1,先輩サンタ,「状況をポジティブに反転させる…いいリーダーの条件だよ。」,,,,,,,,Day2(午前),E1-1,先輩サンタ,「多様性を力に変える…良いリーダーの判断だよ。」,,,,,,,,Day2(午前),F1-1,先輩サンタ,「失敗を前進に変える…良いリーダーの証だよ。」
,,,,,,,,,,,,,,,,,,,,,,,,,
Day2 (午後),D1-2,雪だるま1,「えっ…いいんすか？本当に助かるっす…！」,,,,,,,,Day2 (午後),E1-2,雪だるま1,「そ、そうっすね…つい感情的になってました…。ごめんなさい。」,,,,,,,,Day2 (午後),F1-2,雪だるま1,「……あ、焦りすぎてたっす。ひとつずつやれば大丈夫っすね！」
Day2 (午後),D1-2,雪だるま2,「“一緒に”って言ってもらえると安心するね…。」,,,,,,,,Day2 (午後),E1-2,雪だるま2,「そう言ってくれるだけで、すごく安心するよ…。」,,,,,,,,Day2 (午後),F1-2,雪だるま2,「その声があると安心できる…ありがとう。」
Day2 (午後),D1-2,トナカイ,「負担分散は合理的です。賛成します。」,,,,,,,,Day2 (午後),E1-2,トナカイ,「尊重し合う空気、重要です。議論が建設的になります。」,,,,,,,,Day2 (午後),F1-2,トナカイ,「段階的に進めればリスクは減らせます。冷静にいきましょう。」
Day2 (午後),D1-2,先輩サンタ,「寄り添いながら支える…それも立派なリーダーだよ。」,,,,,,,,Day2 (午後),E1-2,先輩サンタ,「尊重と成長…。良いチームが育っている証拠だね。」,,,,,,,,Day2 (午後),F1-2,先輩サンタ,「落ち着かせる声がけは、チーム力を高めるよ。」
,,,,,,,,,,,,,,,,,,,,,,,,,
Day3(午前),D1-3,雪だるま1,「新しいやり方！？いいじゃないっすか！試してみたいっす！」,,,,,,,,Day3(午前),E1-3,雪だるま1,「…認められるって、こんなに力になるんすね。」,,,,,,,,Day3(午前),F1-3,雪だるま1,「よし…乗り越えてやるっす！やる気出てきた！」
Day3(午前),D1-3,雪だるま2,「柔軟に考えられるの…いいね。空気がちょっと和らぐ…。」,,,,,,,,Day3(午前),E1-3,雪だるま2,「うん……ありがとう。前に進めそう。」,,,,,,,,Day3(午前),F1-3,雪だるま2,「そんなふうに言ってくれると、前向きになれるね…！」
Day3(午前),D1-3,トナカイ,「計画の再構築…賢明な判断です。効率化は必要でしょう。」,,,,,,,,Day3(午前),E1-3,トナカイ,「努力の承認は士気向上に効果的です。進めましょう。」,,,,,,,,Day3(午前),F1-3,トナカイ,「鼓舞は良い効果です。士気が上がっています。」
Day3(午前),D1-3,先輩サンタ,「“変える勇気”を持てるのは強みだね。」,,,,,,,,Day3(午前),E1-3,先輩サンタ,「認めることで人は変わる。良い声掛けだね。」,,,,,,,,Day3(午前),F1-3,先輩サンタ,「困難でこそ、リーダーの声は力になるんだ。」
,,,,,,,,,,,,,,,,,,,,,,,,,
Day3(午後),D1-4,雪だるま1,「リーダー…そこまで言われたら腹括るしかないっす！」,,,,,,,,Day3(午後),E1-4,雪だるま1,「リーダーが間に…助かるっす、正直どうしていいか分からなかった…！」,,,,,,,,Day3(午後),F1-4,雪だるま1,「リーダーが行くのか！？…すげぇ、ついていきます！」
Day3(午後),D1-4,雪だるま2,「責任を背負うなんて…無茶しないでね。でも…信じよう。」,,,,,,,,Day3(午後),E1-4,雪だるま2,「ありがとう…気まずい空気がちょっとほぐれたよ…。」,,,,,,,,Day3(午後),F1-4,雪だるま2,「無茶はしないでね。でも…頼もしいよ。」
Day3(午後),D1-4,トナカイ,「覚悟を持った指揮。…尊敬に値します。」,,,,,,,,Day3(午後),E1-4,トナカイ,「第三者としての調整、合理的です。収束が早まります。」,,,,,,,,Day3(午後),F1-4,トナカイ,「リーダーの率先行動…士気が大きく上がっています。」
Day3(午後),D1-4,先輩サンタ,「責任ある姿勢は素晴らしい。ただ、抱え込みすぎは禁物だよ。」,,,,,,,,Day3(午後),E1-4,先輩サンタ,「誰も置いていかない…その姿勢は素敵だよ。」,,,,,,,,Day3(午後),F1-4,先輩サンタ,「背中で示す…立派なリーダーだね。」
,,,,,,,,,,,,,,,,,,,,,,,,,
Day4(午前),D1-5,雪だるま1,「いいっすね！オールでもなんでも付き合いますよ！」,,,,,,,,Day4(午前),E1-5,雪だるま1,「感情優先しちゃってたっすね…整理します！」,,,,,,,,Day4(午前),F1-5,雪だるま1,「仲間を支える…かっけぇっす！頼りにしてます！」
Day4(午前),D1-5,雪だるま2,「そこまでやるの…？ちょっと無茶だけど、熱意は伝わる…。」,,,,,,,,Day4(午前),E1-5,雪だるま2,「目的を思い出せば…落ち着けるね。」,,,,,,,,Day4(午前),F1-5,雪だるま2,「そう言ってもらえると、安心して挑戦できるね…。」
Day4(午前),D1-5,トナカイ,「非効率ですが…士気向上の効果は高いでしょう。」,,,,,,,,Day4(午前),E1-5,トナカイ,「その通りです。合理的判断でいきましょう。」,,,,,,,,Day4(午前),F1-5,トナカイ,「支援の姿勢はチームの安定に繋がります。」
Day4(午前),D1-5,先輩サンタ,「諦めない姿勢は立派だよ。けど体調は大事にね。」,,,,,,,,Day4(午前),E1-5,先輩サンタ,「揺れた気持ちを戻す、良い声がけだね。」,,,,,,,,Day4(午前),F1-5,先輩サンタ,「支えるリーダーは、強いチームを作るんだ。」
,,,,,,,,,,,,,,,,,,,,,,,,,
Day4(午後),D1-6,雪だるま1,「そうっすね…ちょっと感情的になってたかも…。整理しよう。」,,,,,,,,Day4(午後),E1-6,雪だるま1,「……ふぅ……ちょっと落ち着いたっす。」,,,,,,,,Day4(午後),F1-6,雪だるま1,「一緒に…！あ、はいっ！絶対見つけます！」
Day4(午後),D1-6,雪だるま2,「冷静にしてくれてありがとう…落ち着いて話せそう…。」,,,,,,,,Day4(午後),E1-6,雪だるま2,「深呼吸、大事だね…ありがとう。」,,,,,,,,Day4(午後),F1-6,雪だるま2,「協力して問題解決するの、なんか嬉しい…。」
Day4(午後),D1-6,トナカイ,「事実に基づく判断は賛成です。混乱も収まるでしょう。」,,,,,,,,Day4(午後),E1-6,トナカイ,「感情の鎮静化は合理的です。続行に支障がなくなります。」,,,,,,,,Day4(午後),F1-6,トナカイ,「データ分析を共有しましょう。原因は割り出せます。」
Day4(午後),D1-6,先輩サンタ,「状況を見える化する…いい判断だね。」,,,,,,,,Day4(午後),E1-6,先輩サンタ,「心を整えるのもリーダーの仕事だよ。」,,,,,,,,Day4(午後),F1-6,先輩サンタ,「協働姿勢は、信頼を育てる大事な要素だよ。」
,,,,,,,,,,,,,,,,,,,,,,,,,
Day5(午前),D1-7,雪だるま1,「リーダー…めっちゃ心強いっす…。がんばります…！」,,,,,,,,Day5(午前),E1-7,雪だるま1,「確かに…違う意見から新しいアイデア出そう！」,,,,,,,,Day5(午前),F1-7,雪だるま1,「……挑戦してる証拠…か。なんか勇気出てきたっす！」
Day5(午前),D1-7,雪だるま2,「支えてくれるって…うれしい。無理しないでね…。」,,,,,,,,Day5(午前),E1-7,雪だるま2,「対立じゃなくて、ヒントと考えるの素敵だね。」,,,,,,,,Day5(午前),F1-7,雪だるま2,「そう言われると…失敗も前向きに捉えられるね。」
Day5(午前),D1-7,トナカイ,「適材適所の支援…合理的です。問題ありません。」,,,,,,,,Day5(午前),E1-7,トナカイ,「建設的再解釈…発想として有効です。」,,,,,,,,Day5(午前),F1-7,トナカイ,「挑戦を肯定する文化は、長期的成長に有効です。」
Day5(午前),D1-7,先輩サンタ,「背中を押しつつ支える…素敵なリーダーだよ。」,,,,,,,,Day5(午前),E1-7,先輩サンタ,「物語を前に進める良い視点だよ。」,,,,,,,,Day5(午前),F1-7,先輩サンタ,「その一言で、また前に進める仲間は多いはずだよ。」
,,,,,,,,,,,,,,,,,,,,,,,,,
,,,,,,,,,,,,,,,,,,,,,,,,,
Day2(午前),G1-1,雪だるま1,「強み…俺のも役に立つっすかね！？…よし、やってみるっす！」,,,,,,,,Day2(午前),H1-1,雪だるま1,「リーダー…！なんかビシッと背筋伸びたっす！やり切るっす！」,,,,,,,,Day2(午前),I-1,雪だるま1,「まだ挑戦すんの！？…でも、なんかワクワクしてきたっす！」
Day2(午前),G1-1,雪だるま2,「そうだね…強みを活かせば、衝突も減るかもしれないね。」,,,,,,,,Day2(午前),H1-1,雪だるま2,「妥協しない姿勢…うん、最後の仕上げに相応しいね。」,,,,,,,,Day2(午前),I-1,雪だるま2,「うん…このメンバーなら、もっと大きい夢も叶えられそう。」
Day2(午前),G1-1,トナカイ,「役割の明確化は効果がありそうですね。私も協力します。」,,,,,,,,Day2(午前),H1-1,トナカイ,「完璧基準、大賛成です。精度の最終チェックに入ります。」,,,,,,,,Day2(午前),I-1,トナカイ,「前向きなビジョン、胸が熱くなります。次の計画にも参加します。」
Day2(午前),G1-1,先輩サンタ,「強みを束ねる…良い方向性だね。チームらしさが出てくるよ。」,,,,,,,,Day2(午前),H1-1,先輩サンタ,「その意気だよ。ゴール直前の集中力が質を決めるんだ。」,,,,,,,,Day2(午前),I-1,先輩サンタ,「君のようなリーダーがいれば、未来は明るいね。」
,,,,,,,,,,,,,,,,,,,,,,,,,
Day2 (午後),G1-2,雪だるま1,「うぅ…確かに話さなきゃ分かんないっすね…やります！」,,,,,,,,Day2 (午後),H1-2,雪だるま1,「リーダー…！任せてばかりじゃダメっすよ！でも…ありがとうっす！」,,,,,,,,Day2 (午後),I-2,雪だるま1,「リーダー…！俺、もっと成長したくなったっす！」
Day2 (午後),G1-2,雪だるま2,「話せば、ちゃんと伝わるよね…うん、やってみよ。」,,,,,,,,Day2 (午後),H1-2,雪だるま2,「あなたがそこまでしてくれるなら…私たちも気を抜けないね。」,,,,,,,,Day2 (午後),I-2,雪だるま2,「経験を共有するって、ほんと大事だよね。ありがとう。」
Day2 (午後),G1-2,トナカイ,「冷静に議論すれば、解決の糸口は見つかるはずです。」,,,,,,,,Day2 (午後),H1-2,トナカイ,「責任を分担してくれる姿勢…私も残りの確認を全力でやります。」,,,,,,,,Day2 (午後),I-2,トナカイ,「学びを次に繋げる姿勢…私も見習いたいと思います。」
Day2 (午後),G1-2,先輩サンタ,「衝突を前向きに扱えるのは良いリーダーの証だよ。」,,,,,,,,Day2 (午後),H1-2,先輩サンタ,「背中で引っ張るタイプのリーダーだね。いい信頼関係だよ。」,,,,,,,,Day2 (午後),I-2,先輩サンタ,「“経験を力に”か…いいまとめ方だね。チームがもっと強くなるよ。」
,,,,,,,,,,,,,,,,,,,,,,,,,
Day3(午前),G1-3,雪だるま1,「リーダー…動くの早っ！じゃあ俺も本音言うっす！」,,,,,,,,Day3(午前),H1-3,雪だるま1,「え、まだ見直すとこあんの！？…けど確かに効率上がりそうっす。」,,,,,,,,Day3(午前),I-3,雪だるま1,「一歩ずつってのがいいっすね！無理せず進める気がする！」
Day3(午前),G1-3,雪だるま2,「リーダーが前に立つと、安心して話せるね…。」,,,,,,,,Day3(午前),H1-3,雪だるま2,「冷静に整理すると、案外ムダって多いよね…。」,,,,,,,,Day3(午前),I-3,雪だるま2,「うん…焦らなくていいんだって思える言葉だね。」
Day3(午前),G1-3,トナカイ,「率先行動は空気を変える力があります。良い判断です。」,,,,,,,,Day3(午前),H1-3,トナカイ,「工程整理は良い判断です。すぐ見直しに着手します。」,,,,,,,,Day3(午前),I-3,トナカイ,「段階的成長、賛成です。着実に進めていきましょう。」
Day3(午前),G1-3,先輩サンタ,「まず自分が見せる…まさに信頼されるリーダーだね。」,,,,,,,,Day3(午前),H1-3,先輩サンタ,「最終工程の見直しは勇気がいるけど、効果は大きいよ。」,,,,,,,,Day3(午前),I-3,先輩サンタ,「優しいのに前向き…君らしい言葉だよ。」
,,,,,,,,,,,,,,,,,,,,,,,,,
Day3(午後),G1-4,雪だるま1,「本質…？あ、あの部分が原因かもっす！」,,,,,,,,Day3(午後),H1-4,雪だるま1,「リーダー…！俺の意見も聞いてくれるの、ほんと嬉しいっす！」,,,,,,,,Day3(午後),I-4,雪だるま1,「うぉーー！！チーム最高！！リーダー最高！！」
Day3(午後),G1-4,雪だるま2,「整理されると分かりやすいね…落ち着いてきたよ。」,,,,,,,,Day3(午後),H1-4,雪だるま2,「全員で作るって感じがして、安心するね…。」,,,,,,,,Day3(午後),I-4,雪だるま2,「支え合うって言葉…なんか胸があったかくなるよ。」
Day3(午後),G1-4,トナカイ,「構造的分析は有効です。全体像が明確になりました。」,,,,,,,,Day3(午後),H1-4,トナカイ,「意見の統合は手間ですが、確かに最善策につながります。」,,,,,,,,Day3(午後),I-4,トナカイ,「チームという言葉を大切にする姿勢、尊敬します。」
Day3(午後),G1-4,先輩サンタ,「状況の“見える化”は混乱を解く特効薬なんだよ。」,,,,,,,,Day3(午後),H1-4,先輩サンタ,「みんなを巻き込むリーダーシップ…チームが強くなるね。」,,,,,,,,Day3(午後),I-4,先輩サンタ,「“強いチーム”と言い切れるのは、良いリーダーの証拠だよ。」
,,,,,,,,,,,,,,,,,,,,,,,,,
Day4(午前),G1-5,雪だるま1,「成長…！確かにこれを乗り越えたら強くなるっすね！」,,,,,,,,Day4(午前),H1-5,雪だるま1,「新しいやり方！？わくわくしてきたっす！」,,,,,,,,Day4(午前),I-5,雪だるま1,「整理か…確かに、次に向けて動きやすくなるっすね！」
Day4(午前),G1-5,雪だるま2,「うん…失敗も成長のチャンスだよね。」,,,,,,,,Day4(午前),H1-5,雪だるま2,「うまくいくかな…でもリーダーが言うなら、挑戦してみたい。」,,,,,,,,Day4(午前),I-5,雪だるま2,「こういう冷静な締め方も、すごくリーダーっぽいね。」
Day4(午前),G1-5,トナカイ,「学習の姿勢はチーム改善に繋がります。」,,,,,,,,Day4(午前),H1-5,トナカイ,「リスクはありますが…可能性は感じます。試してみましょう。」,,,,,,,,Day4(午前),I-5,トナカイ,「はい。データの整理から始めれば、次の改善点が見えます。」
Day4(午前),G1-5,先輩サンタ,「成長へ繋げられるリーダーは、次のステップも見えているね。」,,,,,,,,Day4(午前),H1-5,先輩サンタ,「挑戦心を忘れないリーダーは、いつだって未来を拓くよ。」,,,,,,,,Day4(午前),I-5,先輩サンタ,「終わった瞬間に次へ向ける視点…実にリーダーらしいよ。」
,,,,,,,,,,,,,,,,,,,,,,,,,
Day4(午後),G1-6,雪だるま1,「うおお…！みんなでいけば怖くないっす！」,,,,,,,,Day4(午後),H1-6,雪だるま1,「え…！休んでいいんすか！？ちょっとだけ…ありがたいっす…。」,,,,,,,,Day4(午後),I-6,雪だるま1,「確かに…前より自信ついた気がするっす！」
Day4(午後),G1-6,雪だるま2,「うん…支え合うって、大事だよね…。」,,,,,,,,Day4(午後),H1-6,雪だるま2,「リーダーが“休む勇気”をくれると、安心できるね。」,,,,,,,,Day4(午後),I-6,雪だるま2,「成長を自覚するって、すごく大切なんだね…。」
Day4(午後),G1-6,トナカイ,「チームとしての一体感が高まっています。」,,,,,,,,Day4(午後),H1-6,トナカイ,「効率は落ちるどころか回復します。休憩提案は理にかなっています。」,,,,,,,,Day4(午後),I-6,トナカイ,「自分の変化を言語化するのは良い習慣です。」
Day4(午後),G1-6,先輩サンタ,「その言葉で、みんなの表情が変わってきたよ。」,,,,,,,,Day4(午後),H1-6,先輩サンタ,「いい判断だよ。心のゆとりが最高のパフォーマンスを生むんだ。」,,,,,,,,Day4(午後),I-6,先輩サンタ,「“成長”という言葉を選ぶあたり、優しさがにじみ出てるね。」
,,,,,,,,,,,,,,,,,,,,,,,,,
Day5(午前),G1-7,雪だるま1,「別の方法！？そんな発想なかったっす！」,,,,,,,,Day5(午前),H1-7,雪だるま1,「焦ってたかも…！リーダーの言葉で冷静になれたっす。」,,,,,,,,Day5(午前),I-7,雪だるま1,「リーダー…そんなこと言われたら泣いちゃうっす…」
Day5(午前),G1-7,雪だるま2,「選択肢があるって分かるだけで、気持ちが楽になるね。」,,,,,,,,Day5(午前),H1-7,雪だるま2,「一つずつ…うん、これなら間違いが減りそうだよ。」,,,,,,,,Day5(午前),I-7,雪だるま2,「“このチームで”って言葉、すごく嬉しいよ…。」
Day5(午前),G1-7,トナカイ,「代替案の検討は前向きなアプローチです。」,,,,,,,,Day5(午前),H1-7,トナカイ,「慎重さは最終工程で最も重要です。賛成します。」,,,,,,,,Day5(午前),I-7,トナカイ,「次も共に…誇らしいです、リーダー。」
Day5(午前),G1-7,先輩サンタ,「柔軟な発想はチームに広い視野をもたらすよ。」,,,,,,,,Day5(午前),H1-7,先輩サンタ,「落ち着きを与えるリーダーは、勝負どころで強いんだ。」,,,,,,,,Day5(午前),I-7,先輩サンタ,「素敵な言葉だね。良いリーダーは“仲間への敬意”を忘れない。」
